id,nom,lat,lon,type,ratings,comments,normalized_type
43d65ef5-d2bd-462d-bd2d-a25c4e36a019,La Marina,48.87046040318273,2.3348951339721684,Japonais,"{""Paul"": 3.5, ""Seb"": 4.0, ""Guy"": 4.5, ""Juju"": 3.0}","{""Paul"": ""De bons sushis, rien de trop fancy"", ""Guy"": ""Tr√®s bon japonais mais temps d'attente √©lev√©"", ""Juju"": ""Bon. Pas copieux""}",Asiatique
fd6e059f-3f8d-4a94-80a2-c0a76dadb054,Noodle Inn,48.87102231672272,2.3357453942298894,Chinois,"{""Guy"": 1, ""JulienF"": 1.0}","{""JulienF"": ""cher et fade""}",Asiatique
19654e01-5b7b-4a76-9338-5506c64bb734,Hano√Ø C√† Ph√™,48.87143691136412,2.335715889930725,Asiatique,{},,Asiatique
735c7e24-e0ae-4755-82fb-d2cf315a92d3,Le paradis du Fruit,48.87138927726087,2.335503995418549,Autre,"{""Seb"": 3.5, ""Juju"": 3.5}","{""Juju"": ""Bon mais cher. Pour les occasions""}",Autre
1a585f4c-5e6c-4bd5-b34a-787bc67d038f,Burger King,48.87134164311225,2.335077524185181,Fast food,{},,Fast food
3d1751dd-edc4-4283-ba75-eb54fcae3e22,Mc Donalds,48.87135575693878,2.335305511951447,Fast Food,{},,Fast food
612e87c1-cd64-4644-b9bb-09486c8b8bd7,Quick,48.87096233253266,2.3354476690292363,Fast Food,{},,Fast food
d0f58202-2e66-4df2-8f1e-af74580e3d70,Noura,48.87092351919492,2.3351177573204045,Libanais,{},,Libanais
be6f7409-a1c0-4059-b6ed-76b41427f9e2,Il Timo,48.86927921741169,2.335579097270966,Italien,"{""Paul"": 1, ""Zainab"": 1, ""Ornelly"": 1, ""Seb"": 3.5, ""Guy"": 4.0, ""Oumi"": 3.5, ""Juju"": 2.0}","{""Seb"": ""Tortellini Ricotta √âpinard OK"", ""Guy"": ""Tr√®s bon rapport qualit√©-prix et rapide √† servir. Seul restaurant a proproser une carte de fid√©lit√©"", ""Oumi"": ""Ca va c'est ok\nCommande :\nPates bolognaises"", ""Juju"": ""Mieux que \""Mangez et Cassez vous\"" üçù""}",Italien
1df1899b-3ff7-46fd-9b29-865dae3d963a,Bolo Bolo,48.86896693510897,2.337148189544678,Chinois,"{""Paul"": 4, ""Guy"": 5.0, ""Oumi"": 4.5, ""Juju"": 3.0}","{""Guy"": ""Excellent restaurant traditionnel hong kongais"", ""Oumi"": ""Tr√®s bon !\nCommande :\nChowfun v√©g√© et Poulet aigre doux dans les snacks"", ""Juju"": ""Bon et copieux mais pas transcendant""}",Asiatique
eefbc427-7ae1-40cd-adb9-2723379d1749,Fuchill,48.86999375433189,2.3405358195304875,Chinois/Noodles,"{""Paul"": 4, ""Zainab"":5}",,Asiatique
181afcbd-f277-4da0-811a-4dc83404adfa,Isshin Ramen,48.870537148418215,2.3429632186889653,Japonais,{},,Asiatique
d877c625-784d-431c-b3e8-16a6045d58fa,Little Seoul,48.86769280736858,2.3353275962311617,Cor√©en,"{""Seb"": 4.0, ""Guy"": 4.0, ""Juju"": 4.0}","{""Seb"": ""Petites portions"", ""Juju"": ""Tr√®s bon mais pas copieux""}",Asiatique
357988f8-3314-4c0a-836c-389cfbf39986,Kurry Up,48.868419995306645,2.3358392715454106,Indien,"{""Paul"": 3.0, ""Guy"": 3.5, ""Juju"": 3.0, ""Seb"": 3.5}","{""Paul"": ""Salad bowl mais indien, bon mais sans plus"", ""Guy"": ""Bon mais un peu cher"", ""Juju"": ""Mouais"", ""Seb"": ""Bon, bien servi, un peu cher""}",Indien
bdb2888f-7761-499a-ab74-f26380b1ec49,Mister Garden,48.86883284719448,2.336799502372742,Salade,"{""Juju"": 5.0}","{""Juju"": ""Ind√©modable""}",Healthy
f7efd00f-0314-441c-a539-237eb4770743,Dunkin',48.87166626011537,2.340677976608277,Coffee Shop,"{""Paul"": 3.5}","{""Paul"": ""Tr√®s sucr√© + un peu cher mais pas mal de choix originaux""}",Coffee
f69e5685-6dc2-4649-8500-f1d121549780,Good News,48.86997258301425,2.3350882530212407,Coffee Shop,"{""Paul"": 3.5}","{""Paul"": ""Pour les nostalgiques du 26...""}",Coffee
dae38bb2-cf7c-4c57-b04e-d184076e22af,Noir,48.868813439703416,2.3365661501884465,Coffee Shop,"{""Paul"": 4.0}","{""Paul"": ""Des choix de caf√©s simples (pas de sirop etc...) mais bon !""}",Coffee
fcd89690-4cf3-43f5-9db7-aa025143824c,Mo√∂,48.869942590298976,2.3352290689945225,Asiatique,"{""Seb"": 4.5, ""Juju"": 4.0, ""Paul"": 3.5, ""Guy"": 5.0, ""Elias"": 4.0, ""Tibo"": 4.5}","{""Seb"": ""Bonnes portions"", ""Juju"": ""Tr√®s bon et copieux mais froid ‚ùÑÔ∏è"", ""Paul"": ""Bon et tr√®s bonnes portions, mais servi un peu froid"", ""Guy"": ""Personnel gentil et g√©n√©reux sur les portions. Poulet miel un d√©lice. Pas cher pour le quartier (13.8‚Ç¨ plat + boisson)"", ""Elias"": ""Plut√¥t bon (surtout le poulet), copieux, halal. Personnel tr√®s gentil, et petit bonbon vegan √† la caisse. Servi froid cependant, et les nouilles sont PAS OUF. Sinon rapport qualit√©/prix excellent, donc 4/5"", ""Tibo"": ""Tr√®s bon, avec une mention sp√©ciale pour le poulet frit au miel. Tr√®s bonnes portions, mais souvent servies ti√®des.""}",Asiatique
a82b20cc-72d7-45f8-8f78-b3eca7619c63,Mangez et Cassez vous,48.87415021615664,2.3351633548736577,Burger,"{""Olivier"": 3.5, ""Juju"": 1.0}","{""Olivier"": ""Note prenant en compte rapport qualit√©/prix mais attente tr√®s longue, il faut bien choisir son heure.)"", ""Juju"": ""Je n'ai jamais vu √ßa de ma vie. J'aurais du prendre la soupe... üç≤""}",Fast food
936feded-11dd-43cc-bc65-e1b535e88483,F*cking Good,48.8680953572418,2.335774898529053,Burger,"{""Guy"": 4.0, ""Paul"": 3.5, ""Juju"": 1.5}","{""Guy"": ""Bon burger et excellentes frites. Ils sont un peu lent n√©anmoins."", ""Paul"": ""Bon sans plus et un peu d'attente."", ""Juju"": ""Oye c'est bon mais trop long...""}",Fast food
b6f0299c-5e54-4157-a06a-d097f9f4b762,Mezzencore,48.87137692767112,2.342469692230225,Libanais,"{""Juju"": 4.5, ""Guy"": 4.0, ""Seb"": 4.0}","{""Juju"": ""Pita = 4 et Bowl = 5""}",Libanais
f5ba130a-3518-4754-8389-46bb1048dcf0,BOKAN,48.87069240278753,2.3412385582923894,Japonaist,"{""Zainab"": 4.0, ""Thibault"": 4.0}","{""Zainab"": ""Rapport qualit√©-prix tol√©r√©. Sushis de bonne qualit√©. Menu midi bon."", ""Thibault"": ""Bonne dose, gros californias, service assez rapide. Pas cher""}",Asiatique
6d13daa0-8670-4a15-9f49-00d6206868e4,Zhao,48.86893958826086,2.33641728758812,Chinois,"{""Guy"": 5.0, ""Juju"": 3.5}","{""Guy"": ""Poulet marin√© + riz incredible"", ""Juju"": ""C bon mais C CHELOU üëÅÔ∏èüëÅÔ∏è""}",Asiatique
93c319c8-2a22-4dd9-ae9a-fab3551f4ea0,Five Guys,48.87223080640862,2.339771389961243,"Milkshake, Fast Food, Burger","{""Paul"": 4.0}","{""Paul"": ""D√©licieux Milkshake aux 10000 saveurs (dont bacon).""}",Fast food
3661f6be-ac6e-46cd-ac75-c2c5f0992256,Focaccia Novettino,48.8720667357988,2.3407074809074406,"Italien, Focaccia","{""Paul"": 3.5}","{""Paul"": ""Des focaccias pour tous les gouts. Tr√®s bon mais un peu l√©ger.""}",Italien
c76a3e45-c619-4a29-84db-5705cad05e98,Cantinetta Ventura,48.87238605552249,2.335831224918366,Italien,"{""Guy"": 4.0, ""Seb"": 4.0}","{""Guy"": ""Lasagnes et Tiramisu tr√®s bons. Rapide et √† proximit√©. Prix OK pour le quartier."", ""Seb"": ""Bonnes lasagnes m√™me si un peu l√©ger. Ok pour le prix. Dommage pas de formules avec lasagnes""}",Italien
0adc6b45-73c7-449a-8e64-793aad66c343,POCHA!,48.86880285379602,2.336063235998154,Cor√©en,"{""Juju"": 4.0}","{""Juju"": ""Tr√®s bon (pas bcp de poulet)""}",Asiatique
c7c9e636-f1fe-4417-bfc2-2aedbb85b1b3,La Brigade,48.87098262131088,2.335626035928726,Viande,"{""Juju"": 2.5}","{""Juju"": ""Moyen et cher üí∂""}",Autre
